Nodes,Layers,Epochs,Time,Accuracy %
8,125,500,2109.1066625118256,0
10,100,500,1602.320416688919,0
20,50,500,901.4719424247742,4
25,40,500,762.6178801059723,1
40,25,500,519.008795261383,1
50,20,500,420.33820486068726,1
100,10,500,237.77811980247498,18
125,8,500,185.44616675376892,32
200,5,500,126.88137698173523,33
250,4,500,107.28248453140259,46
500,2,500,69.68890643119812,88
1000,1,500,45.948214530944824,0
